{"places":[{"id":1,"location":"France","picture":"https://cdn.pixabay.com/photo/2015/12/01/20/28/road-1072823_960_720.jpg"},{"id":2,"location":"India","picture":"https://cdn.pixabay.com/photo/2015/04/19/08/32/marguerite-729510_960_720.jpg"},{"id":3,"location":"Japan","picture":"https://cdn.pixabay.com/photo/2018/02/08/22/27/flower-3140492_960_720.jpg"},{"id":4,"location":"Italy","picture":"https://c.ndtvimg.com/2020-03/p85koog_italy_625x300_10_March_20.jpg"},{"id":5,"location":"America","picture":"https://www.nationsencyclopedia.com/photos/united-states-of-america-1087.jpg"},{"id":6,"location":"Egypt","picture":"https://www.planetware.com/photos-large/EGY/egypt-cairo-pyramids-of-giza.jpg"},{"id":7,"location":"Himalayan","picture":"https://lp-cms-production.imgix.net/2021-01/GettyRF_450207051.jpg?auto=format&fit=crop&sharp=10&vib=20&ixlib=react-8.6.4&w=850&q=75&dpr=1"},{"id":8,"location":"Holiday Location","picture":"https://assets.imgix.net/hp/snowshoe.jpg?auto=compress&w=900&h=600&fit=crop"}]}